{"max": [7.66603, 0.447177, 12.0717], "centroid": [7.441766222222222, 0.27035799322222215, 12.061399999999988], "id": "425e82131e7a8db3bde2b05b8fa4f117", "numVertices": 180, "min": [7.21806, 0.0, 12.0514]}
