{"max": [-0.000394614, 0.39426, -0.000394614], "centroid": [-0.18613209386574855, 0.21604447281927772, -0.13553092174870907], "id": "c21d8f5641be31a285cac25b72167160", "numVertices": 581, "min": [-0.37187, 0.000559537, -0.267095]}
