{"max": [0.896, 0.055, 0.02], "centroid": [0.4568750014297052, 0.04765289912629199, -0.253654910325656], "id": "a98941af1bff5bc6843f813f752a5e35", "numVertices": 2518, "min": [-0.02, 0.0, -0.507]}
