{"max": [1.29741, 0.086947, -0.307226], "centroid": [1.1121861947916682, 0.03920764999999999, -0.49244739062499965], "id": "6118da3aa071921b664b3b9b23ddfcbc", "numVertices": 960, "min": [0.926965, 0.0, -0.677669]}
