{"max": [0.0681054, 0.137329, 0.0545866], "centroid": [0.012151030435960589, 0.08297104472906401, -0.012525778243842373], "id": "a8d4a3b32149d3ae4f0b8af4571b1440", "numVertices": 406, "min": [-0.0545866, 0.0, -0.0681054]}
