{"max": [0.03725, 0.102, 0.03725], "centroid": [1.0962488632908989e-18, 0.059330166666666684, -1.758816857587596e-18], "id": "203c5e929d588d07c6754428123c8a7b", "numVertices": 288, "min": [-0.03725, 0.0, -0.03725]}
