{"max": [0.0, 1.30983, 0.63], "centroid": [-0.9611728377128964, 0.9507404732360099, 0.27169947610085354], "id": "c70176038a545f3f9a6c869309041adb", "numVertices": 822, "min": [-1.91247, 0.0, -0.075]}
