{"max": [0.0140029, 0.101255, -0.00625189], "centroid": [-0.03091137502908381, 0.04359825977777792, -0.06403366221686334], "id": "633379db14d4d2b287dd60af81c93a3c", "numVertices": 5598, "min": [-0.0758257, -0.00530276, -0.122262]}
