{"max": [0.0, 0.94, 0.0], "centroid": [-0.6282719586402252, 0.2563668555240791, -0.37758498696883847], "id": "4e5fc1f56057d5f439b1b7041443703a", "numVertices": 706, "min": [-1.22, 0.0, -0.76]}
