{"max": [0.181397, 0.811536, 0.264138], "centroid": [-0.032339588249528366, 0.45076728303323593, -0.026068497626748236], "id": "129f9498c8f842b837ab51e1f8240a33", "numVertices": 32924, "min": [-0.33952, -0.0068198, -0.305441]}
