{"max": [1.64465, 3.49599, 1.64465], "centroid": [0.00040739380530973647, 2.2780738584070734, -1.514915973451327], "id": "71995893d717598c9de7b195ccfa970", "numVertices": 1130, "min": [-1.64465, 0.0, -2.92672]}
