{"max": [0.790575, 0.3048, 0.246063], "centroid": [0.34192197771914346, 0.131622168521038, -0.21725160099678414], "id": "506ce52bbfc7adecdb94e9396a25f7f1", "numVertices": 3411, "min": [0.246062, -2.23517e-08, -0.249228]}
