{"max": [0.0838831, 0.334, 0.08801], "centroid": [0.04274020723426208, 0.18242501289989568, 0.04584646400412789], "id": "62451f0ab130709ef7480cb1ee830fb9", "numVertices": 1938, "min": [0.00186588, 0.0, 0.00599277]}
