{"max": [0.42295, 2.16163, 0.474064], "centroid": [0.004501718638137606, 1.155682561451556, 0.00750546007463198], "id": "9f4e8476917af3a12271466eed05a4d3", "numVertices": 2921, "min": [-0.441903, 0.0, -0.465283]}
