{"max": [-2.59432, 0.762, 3.04064], "centroid": [-3.3444772222222214, 0.5430132222222225, 2.6088361111111107], "id": "15d8de2e2c672a445af983a27c524ad0", "numVertices": 72, "min": [-4.09451, 0.0, 2.17704]}
