{"max": [0.0, 0.085, 0.0], "centroid": [-0.028686764026845488, 0.011184564654362445, -0.04674199053691298], "id": "5c48d471200d2bf16e8a121e6886e18d", "numVertices": 1192, "min": [-0.06, -0.001, -0.09]}
