{"max": [0.0254, 0.8763, 0.6096], "centroid": [-0.18975571519997814, 0.47268709378193563, 0.04925810145080047], "id": "1d77e77d4324fbd3ce5d6e9371bb5c33", "numVertices": 919, "min": [-0.4064, 0.0, -0.0476305]}
