{"max": [0.107493, 0.266902, -0.00433811], "centroid": [0.03496063211657812, 0.14099163591604663, -0.03727793233793835], "id": "d45bf1487b41d2f630612f5c0ef21eb8", "numVertices": 941, "min": [-0.0121763, 0.0, -0.0784876]}
