{"max": [0.0814031, 0.141261, 0.0294515], "centroid": [-0.0003955175870967747, 0.09351565517741946, -0.10361764470967766], "id": "56c35d8a53c2c5d9fb930e40572ccf2f", "numVertices": 620, "min": [-0.0814017, 0.0, -0.177965]}
