{"max": [-0.497785, 1.80333, 1.26998], "centroid": [-1.7738237367814305, 0.8345286379509195, -0.005524788563992694], "id": "a838d7fcfff9732fed315c548018de56", "numVertices": 6071, "min": [-3.03775, 0.113414, -1.26998]}
