{"max": [0.0, 0.455, 0.602432], "centroid": [-0.2971191499999998, 0.2971552999999998, 0.05694384999999998], "id": "81e961930e6ee5fd843f813f752a5e35", "numVertices": 80, "min": [-0.595, 0.0, 0.0]}
