{"max": [-0.817599, 0.0955, 0.990477], "centroid": [-0.8646022478075643, 0.06283895150751721, 0.908714940115259], "id": "eecb13f61a93b4048f58d8b19de93f99", "numVertices": 3991, "min": [-0.911599, -0.001, 0.871439]}
