{"max": [7.43618, 1.7585, 7.32184], "centroid": [6.774988942307693, 1.3470398557692316, 7.0939271634615375], "id": "3ea1339c113555f231c93b4eed4b11", "numVertices": 208, "min": [6.28683, 0.0, 6.86576]}
