{"max": [1.0668, 1.6256, 0.0254], "centroid": [0.5344839167686447, 0.8296311391682991, -0.9997962705892335], "id": "a3baf2c091f1d89276a8f34f63bf4ef6", "numVertices": 6661, "min": [-0.0254, 0.0, -1.9939]}
