{"max": [-1.29876, 15.2242, 2.12388], "centroid": [-2.853137964071857, 13.174626485029943, 0.5871815808383228], "id": "51f167b8049ae3362735b4cb5e9f26a4", "numVertices": 167, "min": [-4.39627, -1.92291, -0.968302]}
