{"max": [-0.0960556, 0.901568, 0.547], "centroid": [-0.3859235196774194, 0.7697511548387097, -0.0017870281935483366], "id": "dd96916749ee3939e793cc5433bece89", "numVertices": 310, "min": [-0.691056, 0.446568, -0.052]}
