{"max": [5.54352, 1.13665, 5.11051], "centroid": [3.4259476956521744, 0.8252467391304351, 3.698567173913042], "id": "99f15c63712d9fbe84868d3618d73011", "numVertices": 92, "min": [0.693483, 0.0, 1.92621]}
