{"max": [3.09516, 2.67495, 2.65251], "centroid": [2.986462941176473, 1.2356047058823527, 2.5293623529411775], "id": "118141f7d22bc46eaeb7b7328341827a", "numVertices": 102, "min": [2.87926, 0.03175, 2.43661]}
