{"max": [0.250064, 0.151057, 0.250064], "centroid": [2.7802302173904384e-18, 0.08100958161616152, 4.392296477894138e-18], "id": "446583d7bf857dced5cb6d178687b980", "numVertices": 1188, "min": [-0.250064, 0.0, -0.250064]}
