{"max": [-0.457914, 0.383117, -1.03574], "centroid": [-1.5265047589670022, 0.14830846140602613, -2.103580530846485], "id": "538db91266f2829bc0f7e0e05bae6131", "numVertices": 697, "min": [-2.59358, -0.041275, -3.1714]}
