{"max": [1.04215, 1.04215, 0.0], "centroid": [-1.718266273590967e-17, 1.6000431054314636e-16, -7.841738454985463], "id": "a507b5c6e6cd71a191347c63d1dae43c", "numVertices": 1033, "min": [-1.04215, -1.04215, -13.6]}
