{"max": [0.396949, 2.21454, 0.396949], "centroid": [2.168404344971009e-18, 2.1814250000000017, 4.625929269271485e-18], "id": "a98b76254bcd32c05481b689f582aa44", "numVertices": 96, "min": [-0.396949, 2.13525, -0.396949]}
