{"max": [0.0, 1.01615, 0.0115094], "centroid": [-0.9435169702190643, 0.3155132225725272, -0.016766461594435646], "id": "dc4b21d338c4b4d1bef7854be4daf5ad", "numVertices": 6756, "min": [-1.69968, 0.0, -0.0583406]}
