{"max": [0.2975, 0.45075, 0.2705], "centroid": [0.029352424828869024, 0.13546740729166676, -0.24867323787500067], "id": "a8574cd983b761248a5e8294bc48dc55", "numVertices": 672, "min": [-0.2975, -0.00475, -0.3414]}
