{"max": [-0.0888201, 0.36, 0.359554], "centroid": [-0.1630871138790036, 0.16507646918149463, 0.285285590747331], "id": "c6506a2457f14e9e5ca1f314f1afc186", "numVertices": 281, "min": [-0.240623, 0.0, 0.207751]}
