{"max": [0.043, 0.081, 0.043], "centroid": [-1.8896095006175933e-18, 0.051271428571428655, -5.999252021086458e-18], "id": "a70947df1f1490c2a81ec39fd9664e9b", "numVertices": 336, "min": [-0.043, 0.0, -0.043]}
