{"max": [-5.58636, 7.34822, -14.397], "centroid": [-9.314357257550428, 2.9776128848444117, -18.60995407497346], "id": "6c379385bf0a23ffdec712af445786fe", "numVertices": 6589, "min": [-13.0424, -0.2, -24.9057]}
