{"max": [0.7874, 2.3368, 0.0], "centroid": [0.39523713224489765, 1.1799077551020405, -0.6647946204081621], "id": "fadfea8610d0a2f839d3717288022c20", "numVertices": 245, "min": [0.0, 0.0, -0.78184]}
